epoch,train loss,val loss,swa
0.0,0.5650847479746445,0.5222179790822471,n
19.0,0.31310025073637837,0.37429685941556606,y
39.0,0.19199987717476796,0.36335626869666865,y
59.0,0.12251430353981776,0.3663628496774813,y
79.0,0.076857340691803,0.36950848800380054,y
99.0,0.05839645935223642,0.37050936978037763,y
119.0,0.048146119065432924,0.370107799041562,y
