epoch,train loss,val loss,swa
0.0,0.5554721043345242,0.5560014335548177,n
19.0,0.29489700857077106,0.3954149554757511,y
39.0,0.18161634036472865,0.385386116364423,y
59.0,0.11087682698856169,0.38257252760961946,y
79.0,0.07389419704474678,0.39046628685558543,y
99.0,0.05906887744410063,0.3899642345952053,y
119.0,0.047070284185052866,0.39381761644400803,y
