epoch,train loss,val loss,swa
0.0,0.1978458938198437,0.17417360257498826,n
19.0,0.07819868361109887,0.08004459625558008,y
39.0,0.04246765889540043,0.0819126035593733,y
59.0,0.02895010376580632,0.08831594714635535,y
79.0,0.023471086344262107,0.08757522589043726,y
