epoch,train loss,val loss,swa
0.0,0.21718089771748783,0.1701668381690979,n
19.0,0.09649024601269485,0.08542387962341308,y
39.0,0.05390786512154983,0.07179582953453063,y
59.0,0.03937330759856336,0.06769123315811157,y
79.0,0.027791302156328856,0.05808001279830933,y
99.0,0.022447985963415084,0.06286348819732666,y
119.0,0.01958836663635751,0.05869053244590759,y
139.0,0.015456039206425947,0.0623253607749939,y
