epoch,train loss,val loss,swa
0.0,0.45810758319909944,0.4592492501597759,n
19.0,0.24371140045104234,0.28932036874051265,y
39.0,0.1587467807724425,0.27949921815520146,y
59.0,0.11194466706557901,0.26287617203946284,y
79.0,0.08351703794309799,0.2655998277926905,y
99.0,0.06633414834388612,0.26423946885038013,y
119.0,0.05310951698081071,0.26565664103536896,y
139.0,0.045080208864645824,0.27081418759895093,y
