epoch,train loss,val loss,swa
0.0,0.5873798196564489,0.6054498685373403,n
19.0,0.26557606920884397,0.37934393297704483,y
39.0,0.16664466395481164,0.36018271707932265,y
59.0,0.11380491077795665,0.3696480181825692,y
79.0,0.08611989787246263,0.37155286690692385,y
99.0,0.06757413144564539,0.3775364023667026,y
