epoch,train loss,val loss,swa
0.0,0.5873614928556464,0.6054761968553066,n
19.0,0.2644955673000026,0.3785981709516314,y
39.0,0.16661718393304467,0.35932852142077965,y
59.0,0.11578022849973818,0.3551870507387896,y
79.0,0.08625484522425003,0.35459492292286293,y
99.0,0.06605004079341281,0.3649252172569877,y
119.0,0.05536004595030301,0.3710470831431552,y
139.0,0.048802927706805665,0.3737670139287674,y
