epoch,train loss,val loss,swa
0.0,0.5874845310260227,0.5899598472958638,n
19.0,0.26247464393609826,0.37886473804505333,y
39.0,0.16344851321448456,0.3689345365079741,y
59.0,0.11166091819658745,0.37027057611073055,y
79.0,0.08048736631001635,0.3669463840106295,y
99.0,0.06469628892685927,0.37528131276162136,y
119.0,0.05595433423947325,0.3746331836096942,y
139.0,0.051388401227729766,0.37372217413244974,y
