epoch,train loss,val loss,swa
0.0,0.4934371761928976,0.4687521878410788,n
19.0,0.235362329027232,0.2906748516107696,y
39.0,0.1525539763125719,0.25702614020677955,y
59.0,0.09944107636711956,0.24792481715383094,y
79.0,0.07378158986178879,0.2519560721185472,y
99.0,0.055272181341850676,0.24995547961565404,y
119.0,0.04598927042550511,0.2551920503572701,y
139.0,0.039469514066487354,0.2551046582608441,y
