epoch,train loss,val loss,swa
0.0,0.5874769009701362,0.5900580386631191,n
19.0,0.2662410926781586,0.38035721053472826,y
39.0,0.16308740056151547,0.36034267001474896,y
59.0,0.1131654504609031,0.348993996810168,y
79.0,0.0843647852240279,0.3548032875172794,y
99.0,0.06959834534166635,0.35646620280005864,y
119.0,0.0576450554821218,0.36190315736457707,y
