epoch,train loss,val loss,swa
0.0,0.4478605671238825,0.4190211006291005,n
19.0,0.19301191894315,0.2847091713662964,y
39.0,0.11694107610298365,0.2552914313189891,y
59.0,0.07586931547737846,0.25182756567528236,y
79.0,0.05420070600229442,0.25431453259610337,y
99.0,0.042898010268081155,0.25455043427851975,y
119.0,0.03689710402876046,0.25855247915120416,y
