epoch,train loss,val loss,swa
0.0,0.4944373212876867,0.48731220901989547,n
19.0,0.24844721795105543,0.27211597200299875,y
39.0,0.16673999619288524,0.25168533716045444,y
59.0,0.11512708429430352,0.245425311072928,y
79.0,0.08588231679846028,0.25574324209181987,y
99.0,0.06823061211187331,0.25798170957408967,y
119.0,0.056549154686146096,0.2579209687279873,y
