epoch,train loss,val loss,swa
0.0,0.4497430972314565,0.420873421661103,n
19.0,0.18290203663456453,0.28064601362080865,y
39.0,0.1129398584118608,0.258918402603318,y
59.0,0.07673318638259302,0.2563655462054258,y
79.0,0.05526932358041256,0.2608374281482802,y
99.0,0.04260208628971272,0.26571733615675025,y
119.0,0.03697561150474034,0.2682245370432817,y
