epoch,train loss,val loss,swa
0.0,0.45320283269816475,0.453740571156021,n
19.0,0.24593620658495935,0.2921496606726949,y
39.0,0.16190647618841253,0.2773100433270793,y
59.0,0.10960716481540714,0.27124543459290645,y
79.0,0.08236477479369454,0.27559226472187304,y
99.0,0.0632178221054524,0.2737235287332666,y
119.0,0.050783291551509784,0.27314402479113953,y
