epoch,train loss,val loss,swa
0.0,0.573379031144988,0.6408011053792304,n
19.0,0.2682863848373338,0.40388401496327586,y
39.0,0.17343486866047644,0.3876046741795209,y
59.0,0.1203848052340083,0.4026800439382593,y
79.0,0.0876108945004097,0.39819476238141455,y
99.0,0.06566649400897133,0.4116619158743156,y
