epoch,train loss,val loss,swa
0.0,0.4582037320225753,0.4594096066866368,n
19.0,0.24076360932388938,0.2860480655323375,y
39.0,0.1611255713777654,0.27279295014941,y
59.0,0.109734872182758,0.2668708769743108,y
79.0,0.08161701299994671,0.27240069641554654,y
99.0,0.06300488679183917,0.2754149367986632,y
119.0,0.05222170937069526,0.27744387562281503,y
