epoch,train loss,val loss,swa
0.0,0.45968695981749175,0.4502202144339065,n
19.0,0.3254966495365932,0.3593595799664164,y
39.0,0.21722347859678598,0.33011586771195256,y
59.0,0.13201194302789096,0.333999432151311,y
79.0,0.08962169135438985,0.33716080274135285,y
99.0,0.06483942105852325,0.33227544382583996,y
119.0,0.05231872406499139,0.3322559493303956,y
139.0,0.0444004802868284,0.32676596746628606,y
159.0,0.039262756294217604,0.3369463261822367,y
179.0,0.03260921527599466,0.33018108898614723,y
