epoch,train loss,val loss,swa
0.0,0.4619715963541126,0.4565681471969142,n
19.0,0.23340190442932673,0.2976291301165074,y
39.0,0.13679836831648826,0.28909496729038964,y
59.0,0.08905182831044994,0.30320295256359847,y
79.0,0.06395679551386957,0.29604539956599885,y
99.0,0.04895480756852765,0.291789052900204,y
119.0,0.03884249970120031,0.2940880030639901,y
