epoch,train loss,val loss,swa
0.0,0.45856743061563054,0.46270209337397383,n
19.0,0.23260267016396038,0.29017609866854244,y
39.0,0.13740081598127388,0.2792399806424606,y
59.0,0.08427548422202648,0.26854948564009234,y
79.0,0.05906070675540422,0.2692211590522577,y
99.0,0.043673229792691864,0.26918582252891265,y
119.0,0.03510678910031392,0.2728976241156418,y
139.0,0.03011962002820492,0.27643021703094817,y
159.0,0.028145589409444196,0.2765582399263198,y
