epoch,train loss,val loss,swa
0.0,0.4650938946625282,0.4755014168001075,n
19.0,0.33955530585913823,0.3757001641039678,y
39.0,0.2728162888822884,0.36264474497025334,y
59.0,0.17880831669116842,0.3559189006973561,y
79.0,0.12860368613539072,0.35892426113780207,y
99.0,0.095346567137488,0.35490138668659305,y
119.0,0.07537927422030219,0.3606220917268233,y
139.0,0.08165308524822366,0.3423072950242308,y
159.0,0.06024737686946474,0.34900828662325856,y
179.0,0.04627309852632983,0.35369805133703985,y
