epoch,train loss,val loss,swa
0.0,0.4581229821245389,0.45279054963555876,n
19.0,0.27488128036183596,0.3208465855312085,y
39.0,0.19283196835760202,0.3079046851675701,y
59.0,0.14060831973513685,0.29586766771048556,y
79.0,0.09912482989850895,0.30022597444287347,y
99.0,0.07879342219626256,0.3017597441502511,y
119.0,0.06693183482463354,0.2969794404736564,y
139.0,0.06074832483779553,0.29252949989203253,y
159.0,0.05108331052729223,0.30476067200836726,y
179.0,0.04556890739437632,0.2991220760608179,y
