epoch,train loss,val loss,swa
0.0,0.4521344170802526,0.44997855651477153,n
19.0,0.21923710353823378,0.2802454912958066,y
39.0,0.14269021681186095,0.2777041761671544,y
59.0,0.09771197995765617,0.28226764832646395,y
79.0,0.06949764708412562,0.2877569152632364,y
99.0,0.05598031657875124,0.28399952351225966,y
