epoch,train loss,val loss,swa
0.0,0.4541271567344666,0.4594164219769565,n
19.0,0.2947236003546879,0.3695211699514678,y
39.0,0.20429103662227763,0.34434836758069753,y
59.0,0.12902567222200592,0.3345747460346905,y
79.0,0.08411097608763596,0.33038706851728034,y
99.0,0.05923934229489031,0.3367991431028718,y
119.0,0.04502726649415904,0.3397138378180091,y
139.0,0.03750496260051069,0.33888458220426704,y
