epoch,train loss,val loss,swa
0.0,0.45492853583323056,0.45473766392584347,n
19.0,0.24008913349998445,0.285671818026498,y
39.0,0.16762744702375662,0.27559837625046407,y
59.0,0.11278322103803465,0.28039086456141193,y
79.0,0.08144454284603536,0.27670662626418857,y
99.0,0.06465466476152454,0.27335474839223645,y
119.0,0.053434462392794514,0.2689904706865631,y
139.0,0.04523370398278485,0.27159521468086345,y
159.0,0.039346228916453556,0.27228684497602057,y
