epoch,train loss,val loss,swa
0.0,0.45799309056345294,0.4589634999099185,n
19.0,0.20867600279774365,0.28418085529127723,y
39.0,0.1352923313776652,0.2920674374609282,y
59.0,0.09264100943014192,0.2911695314176155,y
79.0,0.06463380854875235,0.285280384964851,y
99.0,0.05114916685734403,0.2881547343960807,y
