epoch,train loss,val loss,swa
0.0,0.45614746402968354,0.4515271643304956,n
19.0,0.2256398879543657,0.3027338268999883,y
39.0,0.12930169850502254,0.2843590255611199,y
59.0,0.07997189240507666,0.27935187842891895,y
79.0,0.05537160945171463,0.27545799204140653,y
99.0,0.04157333480839343,0.2709553527437951,y
119.0,0.033114647536631084,0.2717027309512304,y
139.0,0.028608953110586973,0.2783689075265049,y
159.0,0.02703013076376874,0.2784849720552933,y
179.0,0.023154851350888378,0.2769398781222089,y
