epoch,train loss,val loss,swa
0.0,0.4769027331779743,0.4596396293850313,n
19.0,0.3375980315537288,0.36965229918477294,y
39.0,0.20749402786123342,0.3432604846218729,y
59.0,0.12917095319978122,0.3350983831836501,y
79.0,0.08461396262563509,0.3307006171912201,y
99.0,0.06325112211293188,0.33589630842865664,y
119.0,0.04842522699257423,0.34336882386325807,y
139.0,0.03654918937847532,0.341842923610992,y
