epoch,train loss,val loss,swa
0.0,0.21369395838055616,0.20800934569670423,n
19.0,0.08826175985726283,0.12123641873350238,y
39.0,0.05094629784646678,0.11611411004963487,y
59.0,0.03669474101273396,0.11435818200064178,y
79.0,0.029026564021388247,0.11675172749132214,y
99.0,0.02541300635946432,0.11757880154222546,y
119.0,0.0214667847608545,0.11664490770585466,y
