epoch,train loss,val loss,swa
0.0,0.5729673757579826,0.6403666934826308,n
19.0,0.26860915387812073,0.40109637079553473,y
39.0,0.17509174449114198,0.3879160329492556,y
59.0,0.12345160265829692,0.39023867123242884,y
79.0,0.09163092406568002,0.3952740444698267,y
99.0,0.0723017760116191,0.3937916204126345,y
119.0,0.059783153103996484,0.39602044363402655,y
